{"cameraMode":{"drawMode":0,"name":"Shaded","section":"Shading Mode"},"sceneLighting":false,"audioPlay":false,"sceneViewState":{"showFog":true,"showMaterialUpdate":false,"showSkybox":true,"showFlares":true,"showImageEffects":true,"showParticleSystems":true},"in2DMode":false,"pivot":{"x":217.22494506835938,"y":4.188882827758789,"z":13.797204971313477},"rotation":{"x":-0.18909049034118653,"y":0.5255811810493469,"z":-0.12117225676774979,"w":-0.8205992579460144},"size":21.003582000732423,"orthographic":false}